{
  "baseline": {
    "model": "Baseline",
    "unet_size_mb": 1639.406135559082,
    "times": [
      31.717663526535034,
      30.104941368103027,
      29.75463557243347,
      29.942636489868164,
      29.797918558120728
    ],
    "memories": [
      2837.802734375,
      2837.802734375,
      2837.802734375,
      2837.802734375,
      2837.802734375
    ],
    "avg_time": 30.263559103012085,
    "avg_mem": 2837.802734375
  },
  "quantized": {
    "model": "Quantized",
    "unet_size_mb": 1639.406135559082,
    "times": [
      29.923497200012207,
      29.74187445640564,
      29.690617322921753,
      29.79950714111328,
      29.77815890312195
    ],
    "memories": [
      2841.115234375,
      2841.115234375,
      2841.115234375,
      2841.115234375,
      2841.115234375
    ],
    "avg_time": 29.786731004714966,
    "avg_mem": 2841.115234375
  },
  "comparison": {
    "size_reduction_%": 0.0,
    "memory_reduction_%": -0.11672763437271527,
    "speedup": 1.0160080707823105
  }
}